{
  "A_plus": 0.00007093959493491292,
  "A": 0.00004375888852423148,
  "B": 0.0000187423859057258,
  "C": 0.000008526348548602318,
  "D": 0.00000470664033737198,
  "F": 0.0000025031101143170388
}