{
  "A_plus": 0.000001743043947367045,
  "A": 0.0000023829268060202264,
  "B": 0.0000040026016910992146,
  "C": 0.000007975213037878275,
  "D": 0.000013265590385100089,
  "F": 0.00004094249626399722
}