{
  "A_plus": 0.0011803588290840415,
  "A": 0.0006478781988986071,
  "B": 0.0002996310792336935,
  "C": 0.00017030530501025107,
  "D": 0.00008427925710052742,
  "F": 0.00004830287836852198
}