{
  "A_plus": 0.00005649291955408256,
  "A": 0.00009788566953797964,
  "B": 0.00020022883295194507,
  "C": 0.00034646503760164674,
  "D": 0.0007413226523860631,
  "F": 0.0012507817385866166
}