{
  "A_plus": 0.00005019072475406545,
  "A": 0.00008971426008163998,
  "B": 0.00021802569348941737,
  "C": 0.0004093963521373313,
  "D": 0.0009223442076783758,
  "F": 0.001656377051648848
}