{
  "A_plus": 0.000030604437643458305,
  "A": 0.00004806363625440083,
  "B": 0.00008247008666530411,
  "C": 0.00013050696607674666,
  "D": 0.00021505376344086021,
  "F": 0.0003435077043870841
}