{
  "A_plus": 0.0005955926146515784,
  "A": 0.00037512444031914433,
  "B": 0.00022184128264596148,
  "C": 0.00013908205841446454,
  "D": 0.00007392739273927392,
  "F": 0.00004660918200885574
}