{
  "A_plus": 0.02951591163502616,
  "A": 0.025188262788886005,
  "B": 0.01905427636534556,
  "C": 0.014425427872860636,
  "D": 0.010632911392405063,
  "F": 0.0077524472767886475
}